{
  "icons": [
    {
      "src": "windows-smallsquare-24-24.png",
      "size": "24x24"
    },
    {
      "src": "windows-smallsquare-30-30.png",
      "size": "30x30"
    },
    {
      "src": "windows-smallsquare-42-42.png",
      "size": "42x42"
    },
    {
      "src": "windows-smallsquare-54-54.png",
      "size": "54x54"
    },
    {
      "src": "windows-splashscreen-1116-540.png",
      "size": "1116x540"
    },
    {
      "src": "windows-splashscreen-868-420.png",
      "size": "868x420"
    },
    {
      "src": "windows-splashscreen-620-300.png",
      "size": "620x300"
    },
    {
      "src": "windows-squarelogo-270-270.png",
      "size": "270x270"
    },
    {
      "src": "windows-squarelogo-210-210.png",
      "size": "210x210"
    },
    {
      "src": "windows-squarelogo-150-150.png",
      "size": "150x150"
    },
    {
      "src": "windows-squarelogo-120-120.png",
      "size": "120x120"
    },
    {
      "src": "windows-storelogo-90-90.png",
      "size": "90x90"
    },
    {
      "src": "windows-storelogo-70-70.png",
      "size": "70x70"
    },
    {
      "src": "windows-storelogo-50-50.png",
      "size": "50x50"
    },
    {
      "src": "windowsphone-appicon-106-106.png",
      "size": "106x106"
    },
    {
      "src": "windowsphone-appicon-62-62.png",
      "size": "62x62"
    },
    {
      "src": "windowsphone-appicon-44-44.png",
      "size": "44x44"
    },
    {
      "src": "windowsphone-mediumtile-360-360.png",
      "size": "360x360"
    },
    {
      "src": "windowsphone-mediumtile-210-210.png",
      "size": "210x210"
    },
    {
      "src": "windowsphone-mediumtile-150-150.png",
      "size": "150x150"
    },
    {
      "src": "windowsphone-smalltile-170-170.png",
      "size": "170x170"
    },
    {
      "src": "windowsphone-smalltile-99-99.png",
      "size": "99x99"
    },
    {
      "src": "windowsphone-smalltile-71-71.png",
      "size": "71x71"
    },
    {
      "src": "windowsphone-storelogo-120-120.png",
      "size": "120x120"
    },
    {
      "src": "windowsphone-storelogo-70-70.png",
      "size": "70x70"
    },
    {
      "src": "windowsphone-storelogo-50-50.png",
      "size": "50x50"
    },
    {
      "src": "android-launchericon-512-512.png",
      "size": "512x512"
    },
    {
      "src": "android-launchericon-192-192.png",
      "size": "192x192"
    },
    {
      "src": "android-launchericon-144-144.png",
      "size": "144x144"
    },
    {
      "src": "android-launchericon-96-96.png",
      "size": "96x96"
    },
    {
      "src": "android-launchericon-72-72.png",
      "size": "72x72"
    },
    {
      "src": "android-launchericon-48-48.png",
      "size": "48x48"
    },
    {
      "src": "ios-appicon-1024-1024.png",
      "size": "1024x1024"
    },
    {
      "src": "ios-appicon-180-180.png",
      "size": "180x180"
    },
    {
      "src": "ios-appicon-152-152.png",
      "size": "152x152"
    },
    {
      "src": "ios-appicon-120-120.png",
      "size": "120x120"
    },
    {
      "src": "ios-appicon-76-76.png",
      "size": "76x76"
    },
    {
      "src": "ios-launchimage-750-1334.png",
      "size": "750x1334"
    },
    {
      "src": "ios-launchimage-1334-750.png",
      "size": "1334x750"
    },
    {
      "src": "ios-launchimage-1242-2208.png",
      "size": "1242x2208"
    },
    {
      "src": "ios-launchimage-2208-1242.png",
      "size": "2208x1242"
    },
    {
      "src": "ios-launchimage-640-960.png",
      "size": "640x960"
    },
    {
      "src": "ios-launchimage-640-1136.png",
      "size": "640x1136"
    },
    {
      "src": "ios-launchimage-1536-2048.png",
      "size": "1536x2048"
    },
    {
      "src": "ios-launchimage-2048-1536.png",
      "size": "2048x1536"
    },
    {
      "src": "ios-launchimage-768-1024.png",
      "size": "768x1024"
    },
    {
      "src": "ios-launchimage-1024-768.png",
      "size": "1024x768"
    },
    {
      "src": "chrome-extensionmanagementpage-48-48.png",
      "size": "48x48"
    },
    {
      "src": "chrome-favicon-16-16.png",
      "size": "16x16"
    },
    {
      "src": "chrome-installprocess-128-128.png",
      "size": "128x128"
    },
    {
      "src": "firefox-marketplace-512-512.png",
      "size": "512x512"
    },
    {
      "src": "firefox-marketplace-128-128.png",
      "size": "128x128"
    },
    {
      "src": "firefox-general-256-256.png",
      "size": "256x256"
    },
    {
      "src": "firefox-general-128-128.png",
      "size": "128x128"
    },
    {
      "src": "firefox-general-90-90.png",
      "size": "90x90"
    },
    {
      "src": "firefox-general-64-64.png",
      "size": "64x64"
    },
    {
      "src": "firefox-general-48-48.png",
      "size": "48x48"
    },
    {
      "src": "firefox-general-32-32.png",
      "size": "32x32"
    },
    {
      "src": "firefox-general-16-16.png",
      "size": "16x16"
    }
  ]
}