{
  "icons": [
    {
      "src": "Square71x71Logo.scale-400.png",
      "size": "284x284"
    },
    {
      "src": "Square71x71Logo.scale-200.png",
      "size": "142x142"
    },
    {
      "src": "Square71x71Logo.scale-100.png",
      "size": "71x71"
    },
    {
      "src": "Square71x71Logo.scale-150.png",
      "size": "107x107"
    },
    {
      "src": "Square71x71Logo.scale-125.png",
      "size": "89x89"
    },
    {
      "src": "Square150x150Logo.scale-400.png",
      "size": "600x600"
    },
    {
      "src": "Square150x150Logo.scale-200.png",
      "size": "300x300"
    },
    {
      "src": "Square150x150Logo.scale-100.png",
      "size": "150x150"
    },
    {
      "src": "Square150x150Logo.scale-150.png",
      "size": "225x225"
    },
    {
      "src": "Square150x150Logo.scale-125.png",
      "size": "188x188"
    },
    {
      "src": "Wide310x150Logo.scale-400.png",
      "size": "1240x600"
    },
    {
      "src": "Wide310x150Logo.scale-200.png",
      "size": "620x300"
    },
    {
      "src": "Wide310x150Logo.scale-100.png",
      "size": "310x150"
    },
    {
      "src": "Wide310x150Logo.scale-150.png",
      "size": "465x225"
    },
    {
      "src": "Wide310x150Logo.scale-125.png",
      "size": "388x188"
    },
    {
      "src": "Square310x310Logo.scale-400.png",
      "size": "1240x1240"
    },
    {
      "src": "Square310x310Logo.scale-200.png",
      "size": "620x620"
    },
    {
      "src": "Square310x310Logo.scale-100.png",
      "size": "310x310"
    },
    {
      "src": "Square310x310Logo.scale-150.png",
      "size": "465x465"
    },
    {
      "src": "Square310x310Logo.scale-125.png",
      "size": "388x388"
    },
    {
      "src": "Square44x44Logo.scale-400.png",
      "size": "176x176"
    },
    {
      "src": "Square44x44Logo.scale-200.png",
      "size": "88x88"
    },
    {
      "src": "Square44x44Logo.scale-100.png",
      "size": "44x44"
    },
    {
      "src": "Square44x44Logo.scale-150.png",
      "size": "66x66"
    },
    {
      "src": "Square44x44Logo.scale-125.png",
      "size": "55x55"
    },
    {
      "src": "Square44x44Logo.targetsize-256.png",
      "size": "256x256"
    },
    {
      "src": "Square44x44Logo.targetsize-48.png",
      "size": "48x48"
    },
    {
      "src": "Square44x44Logo.targetsize-24.png",
      "size": "24x24"
    },
    {
      "src": "Square44x44Logo.targetsize-16.png",
      "size": "16x16"
    },
    {
      "src": "Square44x44Logo.targetsize-256_altform-unplated.png",
      "size": "256x256"
    },
    {
      "src": "Square44x44Logo.targetsize-48_altform-unplated.png",
      "size": "48x48"
    },
    {
      "src": "Square44x44Logo.targetsize-24_altform-unplated.png",
      "size": "24x24"
    },
    {
      "src": "Square44x44Logo.targetsize-16_altform-unplated.png",
      "size": "16x16"
    },
    {
      "src": "StoreLogo.scale-400.png",
      "size": "200x200"
    },
    {
      "src": "StoreLogo.scale-200.png",
      "size": "100x100"
    },
    {
      "src": "StoreLogo.scale-150.png",
      "size": "75x75"
    },
    {
      "src": "StoreLogo.scale-125.png",
      "size": "63x63"
    },
    {
      "src": "StoreLogo.scale-100.png",
      "size": "50x50"
    },
    {
      "src": "StoreLogo.png",
      "size": "50x50"
    },
    {
      "src": "BadgeLogo.scale-400.png",
      "size": "96x96"
    },
    {
      "src": "BadgeLogo.scale-200.png",
      "size": "48x48"
    },
    {
      "src": "BadgeLogo.scale-150.png",
      "size": "36x36"
    },
    {
      "src": "BadgeLogo.scale-125.png",
      "size": "30x30"
    },
    {
      "src": "BadgeLogo.scale-100.png",
      "size": "24x24"
    },
    {
      "src": "SplashScreen.scale-400.png",
      "size": "2480x1200"
    },
    {
      "src": "SplashScreen.scale-200.png",
      "size": "1240x600"
    },
    {
      "src": "SplashScreen.scale-150.png",
      "size": "930x450"
    },
    {
      "src": "SplashScreen.scale-125.png",
      "size": "775x375"
    },
    {
      "src": "SplashScreen.scale-100.png",
      "size": "620x300"
    }
  ]
}